<application>
  <component name="FileTypeManager" version="18">
    <ignoreFiles list="*$py.class;*.pyc;*.pyo;*.rbc;*.yarb;*~;.DS_Store;.git;.hg;.svn;CVS;__pycache__;_svn;vssver.scc;vssver2.scc;" />
    <extensionMap>
      <mapping pattern="ONLINE-4419" type="PLAIN_TEXT" />
      <mapping pattern="browser_session_id" type="PLAIN_TEXT" />
      <mapping pattern=".noseids" type="PLAIN_TEXT" />
      <mapping pattern="docker-compose" type="PLAIN_TEXT" />
      <mapping ext="ts" type="PLAIN_TEXT" />
      <removed_mapping ext="txt" approved="true" type="PLAIN_TEXT" />
    </extensionMap>
  </component>
</application>